Plant_ID,Purchase_Order,Planned_Delivery,Vendor_ID,Material_ID,Order_Qty
5004,4569108200,Jan,100366340,43760735,407220
5959,4569133045,Jan,100806864,22001170,690
5258,4569246370,Jan,100498525,43374275,25150
5259,4569256280,Jan,100366340,43760735,82760
5258,4569268886,Jan,100367349,43855539,40750
5955,4569270872,Jan,100368536,43374275,18020
5258,4569301098,Jan,100369162,43760735,101850
5446,4569308724,Jan,100364903,22017847,170390
5259,4569314410,Jan,100806864,22001170,960
5259,4569340530,Jan,100364230,22001170,960
5955,4569358025,Jan,100369162,43760735,52290
5955,4569358770,Jan,100074079,22017847,35300
5004,4569358775,Jan,101022661,43855539,153950
5259,4569364817,Jan,100367349,43855539,59700
5446,4569377610,Jan,100454856,43682187,202700
5446,4569379419,Jan,101059711,43682187,202700
5004,4569382584,Jan,100364230,22001170,4930
5004,4569387732,Jan,100364903,22017847,246320
5259,4569394648,Jan,101059711,43682187,51970
5258,4569401297,Jan,100367349,43855539,40750
5004,4569403288,Jan,100366340,43760735,407220
5004,4569404019,Feb,100369162,43760735,407220
5959,4569406021,Jan,100645090,43853389,17560
5959,4569406347,Jan,101059711,43682187,67320
5258,4569410910,Jan,100645090,43853389,22270
5446,4569432612,Jan,101059711,43682187,202700
5258,4569435751,Jan,100367349,43855539,40750
5446,4569441343,Feb,101059711,43682187,202700
5446,4569448309,Feb,100454856,43682187,202700
5004,4569133046,Jan,101059711,43682187,186000
5258,4569186143,Jan,100454856,43682187,83040
5258,4569202229,Jan,101059711,43682187,83040
5258,4569207411,Jan,100074079,22017847,49340
5258,4569214555,Jan,100364230,22001170,1370
5955,4569226136,Jan,100364903,22017847,35300
5259,4569227922,Jan,100369162,43760735,82760
5259,4569309559,Jan,100368536,43374275,28000
5259,4569336369,Jan,100367349,43855539,59700
5259,4569346875,Jan,100364230,22001170,960
5258,4569351073,Jan,100364230,22001170,1370
5259,4569351857,Jan,100364903,22017847,59700
5959,4569367511,Jan,101059711,43682187,67320
5004,4569392836,Jan,100367349,43855539,153950
5955,4569397849,Jan,100367349,43855539,32580
5959,4569406270,Jan,100368536,43374275,20110
5959,4569088943,Jan,101022661,43855539,13510
5959,4569155050,Jan,100367349,43855539,13510
5258,4569166937,Jan,101119890,43853389,22270
5446,4569173119,Jan,100367349,43855539,127230
5004,4569214399,Jan,100454856,43682187,186000
5258,4569219694,Feb,101022661,43855539,40750
5959,4569243291,Jan,101059711,43682187,67320
5955,4569265628,Jan,100364903,22017847,35300
5258,4569320716,Jan,100498525,43374275,25150
5259,4569342889,Jan,100364230,22001170,960
5004,4569352835,Jan,100367349,43855539,153950
5955,4569357665,Jan,100364903,22017847,35300
5258,4569364187,Jan,100364903,22017847,49340
5004,4569375141,Jan,100368536,43374275,133640
5004,4569380984,Jan,100364230,22001170,4930
5446,4569381508,Jan,100364230,22001170,4150
5259,4569383062,Jan,101119890,43853389,17500
5004,4569383963,Feb,100498525,43374275,133640
5959,4569387432,Jan,100368536,43374275,20110
5258,4569388083,Jan,100074079,22017847,49340
5004,4569395245,Feb,100369162,43760735,407220
5955,4569404927,Jan,100367349,43855539,32580
5959,4569405752,Jan,100367349,43855539,13510
5959,4569416086,Jan,100367349,43855539,13510
5259,4569417531,Jan,100369162,43760735,82760
5259,4569425999,Jan,100364230,22001170,960
5446,4569436987,Jan,100366340,43760735,487380
5955,4568714818,Jan,100074079,22017847,35300
5259,4568826071,Jan,101119890,43853389,17500
5446,4568897932,Jan,100645090,43853389,75680
5004,4569082209,Jan,100454856,43682187,186000
5955,4569174767,Jan,100367349,43855539,32580
5955,4569229835,Jan,100364230,22001170,730
5959,4569260169,Feb,100498525,43374275,20110
5959,4569305199,Jan,100364903,22017847,21550
5446,4569324547,Jan,100367349,43855539,127230
5959,4569327966,Jan,100369162,43760735,64080
5259,4569337359,Jan,100454856,43682187,51970
5446,4569338974,Jan,100498525,43374275,91620
5955,4569341159,Jan,101022661,43855539,32580
5004,4569350406,Jan,101119890,43853389,64160
5446,4569359386,Jan,100498525,43374275,91620
5004,4569371061,Jan,100074079,22017847,246320
5955,4569372661,Jan,100364230,22001170,730
5004,4569385470,Jan,100364230,22001170,4930
5955,4569393744,Jan,100369162,43760735,52290
5959,4569393943,Jan,101022661,43855539,13510
5004,4569397417,Feb,100454856,43682187,186000
5446,4569405365,Jan,100367349,43855539,127230
5258,4569420827,Feb,100074079,22017847,49340
5004,4569421446,Feb,101059711,43682187,186000
5955,4569427936,Jan,100367349,43855539,32580
5004,4569436850,Jan,100645090,43853389,64160
5959,4569437784,Feb,100454856,43682187,67320
5959,4569146345,Jan,101119890,43853389,17560
5004,4569160510,Jan,100367349,43855539,153950
5959,4569162504,Jan,100364903,22017847,21550
5959,4569259447,Jan,101022661,43855539,13510
5959,4569298455,Jan,100364903,22017847,21550
5004,4569311493,Feb,100454856,43682187,186000
5258,4569317346,Feb,100367349,43855539,40750
5259,4569326271,Feb,100368536,43374275,28000
5004,4569337729,Feb,101022661,43855539,153950
5955,4569346726,Jan,100364903,22017847,35300
5004,4569350751,Feb,100369162,43760735,407220
5959,4569352886,Jan,101119890,43853389,17560
5258,4569356584,Jan,100366340,43760735,101850
5259,4569360553,Jan,100366340,43760735,82760
5259,4569378558,Jan,101119890,43853389,17500
5259,4569380357,Mar,100498525,43374275,28000
5004,4569381642,Feb,101022661,43855539,153950
5446,4569382382,Jan,101022661,43855539,127230
5446,4569399942,Feb,101022661,43855539,127230
5959,4569404042,Feb,100367349,43855539,13510
5258,4569406020,Feb,100364903,22017847,49340
5004,4569409448,Feb,100806864,22001170,4930
5004,4569410670,Feb,100454856,43682187,186000
5446,4569428578,Jan,101119890,43853389,75680
5259,4569428851,Jan,100454856,43682187,51970
5959,4568575661,Feb,101119890,43853389,17560
5259,4568669411,Feb,100454856,43682187,51970
5258,4568921003,Feb,100806864,22001170,1370
5446,4568934207,Jan,100366340,43760735,487380
5959,4569023556,Feb,100368536,43374275,20110
5446,4569072315,Jan,100806864,22001170,4150
5959,4569141533,Feb,100454856,43682187,67320
5959,4569159518,Jan,100074079,22017847,21550
5259,4569175940,Feb,100454856,43682187,51970
5959,4569179978,Mar,100454856,43682187,67320
5959,4569186186,Feb,101022661,43855539,13510
5258,4569190408,Jan,101119890,43853389,22270
5955,4569300536,Jan,100806864,22001170,730
5955,4569308525,Jan,100454856,43682187,54420
5959,4569309250,Feb,101022661,43855539,13510
5004,4569317454,Feb,101119890,43853389,64160
5955,4569332290,Jan,100645090,43853389,6530
5004,4569334481,Mar,100369162,43760735,407220
5259,4569350203,Jan,100367349,43855539,59700
5955,4569354334,Feb,100498525,43374275,18020
5955,4569357723,Feb,100368536,43374275,18020
5259,4569358402,Feb,101059711,43682187,51970
5004,4569358822,Feb,100645090,43853389,64160
5258,4569373794,Feb,100368536,43374275,25150
5446,4569383011,Jan,100074079,22017847,170390
5004,4569383211,Jan,100074079,22017847,246320
5955,4569404641,Feb,100454856,43682187,54420
5259,4569406302,Feb,100369162,43760735,82760
5959,4569432961,Mar,100368536,43374275,20110
5955,4569128829,Jan,101119890,43853389,6530
5959,4569132352,Mar,100498525,43374275,20110
5258,4569200165,Feb,101022661,43855539,40750
5259,4569275965,Feb,101119890,43853389,17500
5258,4569295662,Feb,100454856,43682187,83040
5959,4569317078,Jan,100364230,22001170,690
5446,4569326994,Jan,100364230,22001170,4150
5955,4569327781,Jan,100645090,43853389,6530
5004,4569332006,Mar,100498525,43374275,133640
5959,4569344739,Feb,100074079,22017847,21550
5955,4569349590,Feb,100074079,22017847,35300
5259,4569362673,Feb,100364230,22001170,960
5258,4569386249,Feb,101059711,43682187,83040
5446,4569387268,Feb,100368536,43374275,91620
5955,4569394882,Jan,100366340,43760735,52290
5955,4569400027,Feb,100367349,43855539,32580
5004,4569412405,Feb,100367349,43855539,153950
5446,4569420483,Feb,100454856,43682187,202700
5258,4569460908,Feb,100806864,22001170,1370
5259,4569463738,Feb,100364230,22001170,960
5258,4568825501,Feb,100645090,43853389,22270
5446,4568940430,Feb,100368536,43374275,91620
5258,4569075647,Feb,100368536,43374275,25150
5258,4569115264,Feb,100074079,22017847,49340
5258,4569179568,Feb,101022661,43855539,40750
5258,4569272230,Feb,100645090,43853389,22270
5004,4569281613,Mar,101059711,43682187,186000
5955,4569283210,Feb,100368536,43374275,18020
5959,4569287207,Apr,100498525,43374275,20110
5955,4569309251,Feb,100368536,43374275,18020
5259,4569337985,Jan,100074079,22017847,59700
5004,4569353177,Feb,100364230,22001170,4930
5959,4569359235,Jan,100366340,43760735,64080
5955,4569364094,Feb,100454856,43682187,54420
5955,4569365760,Mar,100368536,43374275,18020
5259,4569379242,Mar,100368536,43374275,28000
5446,4569431352,Feb,100364230,22001170,4150
5446,4569549177,Feb,100806864,22001170,4150
5955,4568803690,Jan,100366340,43760735,52290
5258,4569107755,Mar,100498525,43374275,25150
5258,4569144339,Mar,100368536,43374275,25150
5959,4569268047,Apr,100368536,43374275,20110
5955,4569269530,Mar,100454856,43682187,54420
5446,4569294288,Jan,100074079,22017847,170390
5959,4569323399,Feb,100364903,22017847,21550
5258,4569333145,Feb,101022661,43855539,40750
5959,4569335044,Feb,100364903,22017847,21550
5955,4569342890,Mar,100454856,43682187,54420
5959,4569348121,Feb,101022661,43855539,13510
5446,4569353176,Mar,100498525,43374275,91620
5004,4569358401,Feb,100074079,22017847,246320
5004,4569365213,Mar,100366340,43760735,407220
5004,4569377811,Feb,100367349,43855539,153950
5259,4569384009,Feb,100364230,22001170,960
5004,4569386250,Mar,101059711,43682187,186000
5004,4569389277,Mar,100369162,43760735,407220
5259,4569401495,Feb,100454856,43682187,51970
5259,4569408656,Jan,100364903,22017847,59700
5004,4569420436,Mar,100369162,43760735,407220
5258,4569023741,Feb,100367349,43855539,40750
5959,4569115001,Feb,101119890,43853389,17560
5004,4569159003,Mar,100498525,43374275,133640
5959,4569225818,Feb,100367349,43855539,13510
5446,4569233994,Mar,100368536,43374275,91620
5004,4569241905,Mar,100369162,43760735,407220
5446,4569249588,Mar,100368536,43374275,91620
5446,4569266352,Feb,101059711,43682187,202700
5259,4569307297,Jan,100364903,22017847,59700
5258,4569322263,Feb,101119890,43853389,22270
5955,4569343691,Jan,100364230,22001170,730
5959,4569350272,Mar,100454856,43682187,67320
5955,4569353178,Feb,100364903,22017847,35300
5959,4569362179,Feb,100074079,22017847,21550
5959,4569374325,Jan,100369162,43760735,64080
5004,4569387477,Feb,100074079,22017847,246320
5959,4569394875,Apr,100498525,43374275,20110
5258,4569399528,Apr,100498525,43374275,25150
5959,4569399852,Mar,100454856,43682187,67320
5959,4569421812,Mar,100645090,43853389,17560
5258,4568755481,Mar,101119890,43853389,22270
5258,4568985592,Apr,100368536,43374275,25150
5446,4569153892,Feb,100369162,43760735,487380
5959,4569182365,Feb,100364903,22017847,21550
5959,4569275281,Feb,100364903,22017847,21550
5259,4569282660,Mar,100454856,43682187,51970
5004,4569323920,Feb,100074079,22017847,246320
5446,4569337651,Feb,100806864,22001170,4150
5004,4569337744,Feb,100364230,22001170,4930
5446,4569363582,Jan,100364903,22017847,170390
5258,4569372010,Jan,100369162,43760735,101850
5004,4569422639,Feb,100367349,43855539,153950
5259,4569450181,Feb,101022661,43855539,59700
5955,4569034429,Jan,101119890,43853389,6530
5959,4569230786,Jan,100364230,22001170,690
5959,4569252335,Feb,100369162,43760735,64080
5259,4569270472,Feb,100806864,22001170,960
5955,4569296167,Feb,101119890,43853389,6530
5955,4569298745,Feb,101022661,43855539,32580
5258,4569328164,Apr,100368536,43374275,25150
5959,4569468449,Feb,101022661,43855539,13510
5955,4568532490,Mar,100368536,43374275,18020
5259,4568605701,Feb,101022661,43855539,59700
5258,4569189541,Feb,100364903,22017847,49340
5955,4569218672,Jan,100364230,22001170,730
5259,4569222637,Mar,100806864,22001170,960
5959,4569277415,Feb,101022661,43855539,13510
5004,4569305920,Mar,101059711,43682187,186000
5959,4569314084,Apr,100454856,43682187,67320
5004,4569347986,Apr,100368536,43374275,133640
5258,4569351858,Apr,100498525,43374275,25150
5955,4569356860,Jan,100806864,22001170,730
5004,4569393657,Mar,101059711,43682187,186000
5258,4569400437,Feb,100364903,22017847,49340
5955,4569421235,Feb,100364230,22001170,730
5004,4569426592,Mar,101022661,43855539,153950
5446,4568991533,Feb,101022661,43855539,127230
5258,4569189205,Feb,100367349,43855539,40750
5259,4569211904,Feb,100364903,22017847,59700
5004,4569249589,Apr,100368536,43374275,133640
5446,4569258998,Mar,101059711,43682187,202700
5955,4569261605,Mar,101059711,43682187,54420
5259,4569308710,Feb,101119890,43853389,17500
5004,4569314504,Apr,100369162,43760735,407220
5259,4569317155,Feb,100364903,22017847,59700
5959,4569321115,Mar,101119890,43853389,17560
5959,4569321726,Apr,101059711,43682187,67320
5258,4569325069,Feb,100806864,22001170,1370
5446,4569331316,Feb,100364230,22001170,4150
5004,4569333390,Mar,101059711,43682187,186000
5258,4569340057,Feb,100074079,22017847,49340
5259,4569340743,Feb,100364903,22017847,59700
5446,4569395440,Mar,101059711,43682187,202700
5955,4569404687,Mar,100367349,43855539,32580
5446,4569507637,Feb,100074079,22017847,170390
5259,4568709493,Feb,100369162,43760735,82760
5955,4568898471,Mar,101119890,43853389,6530
5959,4569228687,Apr,100454856,43682187,67320
5258,4569270896,Feb,100364903,22017847,49340
5955,4569295617,Mar,100498525,43374275,18020
5446,4569305321,Feb,101119890,43853389,75680
5955,4569323415,Mar,100454856,43682187,54420
5258,4569337650,Feb,101022661,43855539,40750
5004,4569344628,Feb,100806864,22001170,4930
5959,4569351188,Feb,100367349,43855539,13510
5258,4569354843,Feb,100454856,43682187,83040
5258,4569362946,Mar,100645090,43853389,22270
5004,4569378752,Feb,101119890,43853389,64160
5959,4569380176,Feb,100364230,22001170,690
5955,4569389642,Feb,100074079,22017847,35300
5959,4569391439,Mar,100645090,43853389,17560
5959,4569406548,May,100498525,43374275,20110
5959,4569413270,Mar,100364903,22017847,21550
5959,4569441699,Mar,100367349,43855539,13510
5959,4569451265,Feb,100369162,43760735,64080
5258,4569459399,Mar,100645090,43853389,22270
5259,4569460377,Feb,100369162,43760735,82760
5258,4569534657,Mar,100364903,22017847,49340
5959,4568957171,Mar,100367349,43855539,13510
5955,4569059366,Mar,100368536,43374275,18020
5259,4569063045,Feb,101119890,43853389,17500
5259,4569187526,Feb,100366340,43760735,82760
5955,4569188271,Mar,100364903,22017847,35300
5259,4569267912,Mar,100366340,43760735,82760
5004,4569279446,Apr,100454856,43682187,186000
5959,4569281432,Mar,100074079,22017847,21550
5446,4569305783,Feb,100364903,22017847,170390
5446,4569312771,Feb,100364903,22017847,170390
5955,4569313690,Mar,100367349,43855539,32580
5258,4569316621,Mar,101059711,43682187,83040
5004,4569321369,Mar,101119890,43853389,64160
5004,4569328278,Apr,100369162,43760735,407220
5258,4569352658,Apr,100368536,43374275,25150
5959,4569364892,Feb,100364230,22001170,690
5259,4569380548,Mar,100364230,22001170,960
5446,4569459197,Apr,100368536,43374275,91620
5259,4569466767,Mar,100498525,43374275,28000
5959,4568778949,Mar,100645090,43853389,17560
5004,4569042785,Mar,100645090,43853389,64160
5259,4569048264,Feb,100074079,22017847,59700
5259,4569124631,Mar,100806864,22001170,960
5955,4569159232,Mar,100364903,22017847,35300
5004,4569173121,Apr,100454856,43682187,186000
5004,4569335633,Apr,100454856,43682187,186000
5259,4569336381,Apr,100498525,43374275,28000
5446,4569359010,Mar,101059711,43682187,202700
5955,4569366077,Apr,100454856,43682187,54420
5955,4569382000,Apr,100368536,43374275,18020
5258,4569404688,Feb,100364230,22001170,1370
5258,4569420840,Feb,100806864,22001170,1370
5446,4569443783,Feb,100369162,43760735,487380
5258,4569504250,Feb,100806864,22001170,1370
5446,4569078108,Feb,100645090,43853389,75680
5955,4569133094,Mar,100364903,22017847,35300
5004,4569218827,Mar,101119890,43853389,64160
5004,4569243877,Mar,100364230,22001170,4930
5446,4569334043,Mar,100364230,22001170,4150
5446,4569349128,Feb,100074079,22017847,170390
5258,4569355747,Mar,100364230,22001170,1370
5955,4569359011,Mar,101119890,43853389,6530
5258,4569360011,Mar,101059711,43682187,83040
5004,4569360555,Apr,100454856,43682187,186000
5959,4569375573,Mar,100364903,22017847,21550
5259,4569381538,Mar,100454856,43682187,51970
5259,4569383537,Mar,100454856,43682187,51970
5004,4569390164,Mar,100364230,22001170,4930
5004,4569393745,Mar,101119890,43853389,64160
5258,4569407631,Mar,101119890,43853389,22270
5004,4569414794,Mar,100806864,22001170,4930
5955,4569420482,Mar,101119890,43853389,6530
5446,4569450297,Feb,100367349,43855539,127230
5004,4569452159,Mar,100367349,43855539,153950
5446,4569092375,Feb,100367349,43855539,127230
5258,4569173120,Feb,100366340,43760735,101850
5959,4569268002,Apr,101119890,43853389,17560
5955,4569289220,Mar,100645090,43853389,6530
5959,4569297242,Mar,101022661,43855539,13510
5004,4569345365,Apr,101059711,43682187,186000
5258,4569376558,Mar,101119890,43853389,22270
5959,4569394665,Mar,100074079,22017847,21550
5955,4569406222,Apr,101059711,43682187,54420
5446,4569423814,Mar,101059711,43682187,202700
5959,4569461646,May,100498525,43374275,20110
5258,4569490507,Feb,100366340,43760735,101850
5959,4569092543,Mar,100074079,22017847,21550
5955,4569098906,Feb,100364230,22001170,730
5259,4569200023,May,100498525,43374275,28000
5959,4569208105,May,100368536,43374275,20110
5959,4569266168,Feb,100369162,43760735,64080
5959,4569312845,Mar,101022661,43855539,13510
5259,4569329326,Mar,100074079,22017847,59700
5955,4569340032,Apr,100368536,43374275,18020
5258,4569360028,Mar,100367349,43855539,40750
5258,4569360358,Feb,100366340,43760735,101850
5446,4569382278,Feb,100369162,43760735,487380
5446,4569405117,Mar,100369162,43760735,487380
5004,4569422862,Apr,100454856,43682187,186000
5258,4569427971,Mar,100367349,43855539,40750
5959,4568924919,Mar,101022661,43855539,13510
5004,4569212409,Mar,100645090,43853389,64160
5955,4569253823,Jan,100366340,43760735,52290
5959,4569258486,Feb,100806864,22001170,690
5259,4569302080,Mar,100806864,22001170,960
5258,4569306261,Mar,100074079,22017847,49340
5004,4569308314,Mar,100367349,43855539,153950
5955,4569332689,Apr,100368536,43374275,18020
5258,4569333759,Feb,100366340,43760735,101850
5959,4569334589,May,100368536,43374275,20110
5259,4569337387,Mar,101059711,43682187,51970
5446,4569350167,Feb,100367349,43855539,127230
5955,4569357724,Mar,101119890,43853389,6530
5446,4569373733,Mar,100367349,43855539,127230
5259,4569379866,Feb,101119890,43853389,17500
5004,4569381404,Mar,100806864,22001170,4930
5955,4569389705,Mar,100364903,22017847,35300
5959,4569404225,May,100498525,43374275,20110
5258,4569420213,Mar,100364903,22017847,49340
5446,4569450601,Mar,101059711,43682187,202700
5446,4569461383,Feb,100074079,22017847,170390
5955,4569466782,Mar,101022661,43855539,32580
5258,4569469323,Mar,100367349,43855539,40750
5446,4568650658,Apr,101059711,43682187,202700
5446,4569042700,Apr,101059711,43682187,202700
5959,4569115265,Apr,100645090,43853389,17560
5004,4569179753,Apr,100645090,43853389,64160
5259,4569188274,Mar,100366340,43760735,82760
5259,4569279638,Mar,101059711,43682187,51970
5955,4569307746,Feb,100369162,43760735,52290
5259,4569312816,Mar,101059711,43682187,51970
5959,4569323123,Apr,101119890,43853389,17560
5959,4569329030,Mar,100366340,43760735,64080
5446,4569336380,Mar,100364903,22017847,170390
5446,4569337728,Feb,100645090,43853389,75680
5258,4569352033,Mar,100454856,43682187,83040
5004,4569360653,Feb,100074079,22017847,246320
5955,4569380337,Mar,100367349,43855539,32580
5446,4569394666,Mar,100367349,43855539,127230
5004,4569400438,Apr,100366340,43760735,407220
5004,4569400439,Apr,100645090,43853389,64160
5004,4569408334,Apr,100454856,43682187,186000
5259,4569419090,Mar,100645090,43853389,17500
5955,4569450462,Apr,101059711,43682187,54420
5955,4568904726,Feb,100369162,43760735,52290
5258,4569094510,Apr,100498525,43374275,25150
5259,4569116490,Mar,100806864,22001170,960
5259,4569176003,Mar,100074079,22017847,59700
5959,4569283211,Mar,100369162,43760735,64080
5004,4569303665,May,100454856,43682187,186000
5955,4569328810,Apr,100368536,43374275,18020
5446,4569337652,Apr,101059711,43682187,202700
5258,4569337787,Apr,100368536,43374275,25150
5004,4569343732,Apr,100368536,43374275,133640
5259,4569352263,Apr,101059711,43682187,51970
5955,4569364816,Apr,100364903,22017847,35300
5955,4569374892,Mar,101119890,43853389,6530
5446,4569378559,Apr,100498525,43374275,91620
5959,4569397284,Mar,101022661,43855539,13510
5955,4569407921,Mar,101119890,43853389,6530
5258,4569458223,May,100498525,43374275,25150
5446,4569462568,Apr,100368536,43374275,91620
5959,4569120138,Mar,100367349,43855539,13510
5959,4569202230,Mar,100364903,22017847,21550
5955,4569288966,Apr,101022661,43855539,32580
5259,4569298360,Apr,101059711,43682187,51970
5258,4569298466,Mar,101022661,43855539,40750
5004,4569323124,May,101059711,43682187,186000
5004,4569327256,Apr,100645090,43853389,64160
5258,4569334936,Feb,100369162,43760735,101850
5004,4569349788,May,100454856,43682187,186000
5259,4569361018,May,100454856,43682187,51970
5259,4569373824,Feb,101022661,43855539,59700
5258,4569391681,Apr,100367349,43855539,40750
5258,4569405102,Apr,100367349,43855539,40750
5004,4569447665,May,100454856,43682187,186000
5955,4569157926,Apr,101059711,43682187,54420
5258,4569180367,Mar,101059711,43682187,83040
5004,4569196598,Apr,100369162,43760735,407220
5955,4569256279,Apr,100074079,22017847,35300
5955,4569270858,Apr,100074079,22017847,35300
5955,4569314169,Feb,100806864,22001170,730
5004,4569315581,Apr,101119890,43853389,64160
5004,4569334117,May,100454856,43682187,186000
5004,4569338086,Apr,101119890,43853389,64160
5259,4569338674,Mar,100364903,22017847,59700
5004,4569360423,Apr,100645090,43853389,64160
5259,4569363478,May,100498525,43374275,28000
5955,4569383549,Mar,100366340,43760735,52290
5004,4569428852,May,100645090,43853389,64160
5955,4569432281,May,100498525,43374275,18020
5004,4569446667,Mar,100367349,43855539,153950
5259,4569458189,May,100368536,43374275,28000
5258,4569466707,Apr,100454856,43682187,83040
5446,4569510922,Mar,101022661,43855539,127230
5955,4568934836,Mar,100364230,22001170,730
5959,4569004015,Jun,100368536,43374275,20110
5004,4569083526,Mar,101022661,43855539,153950
5446,4569122603,Mar,100074079,22017847,170390
5446,4569131498,Mar,100645090,43853389,75680
5959,4569133254,Feb,100806864,22001170,690
5258,4569162307,Apr,100367349,43855539,40750
5446,4569167064,Apr,101059711,43682187,202700
5259,4569194763,Mar,101119890,43853389,17500
5955,4569201295,Apr,100367349,43855539,32580
5446,4569225817,May,100368536,43374275,91620
5259,4569227600,Mar,100369162,43760735,82760
5959,4569235440,Jun,100498525,43374275,20110
5258,4569242013,Apr,101059711,43682187,83040
5955,4569242856,Mar,100369162,43760735,52290
5446,4569261813,Apr,101059711,43682187,202700
5259,4569261906,Mar,100366340,43760735,82760
5258,4569266056,Mar,100645090,43853389,22270
5959,4569268451,Mar,101022661,43855539,13510
5004,4569268836,Mar,100364903,22017847,246320
5258,4569269152,Apr,100645090,43853389,22270
5446,4569270623,May,101059711,43682187,202700
5259,4569284937,Mar,100074079,22017847,59700
5446,4569287941,May,100498525,43374275,91620
5004,4569289397,Mar,101022661,43855539,153950
5004,4569297167,Mar,100806864,22001170,4930
5446,4569300976,Mar,101119890,43853389,75680
5258,4569017036,Mar,100074079,22017847,49340
5955,4569059148,Mar,100364230,22001170,730
5446,4569061225,May,100368536,43374275,91620
5258,4569081325,Mar,100364903,22017847,49340
5004,4569091691,Mar,100364230,22001170,4930
5959,4569103297,Mar,101022661,43855539,13510
5446,4569142256,Mar,100645090,43853389,75680
5955,4569149809,Mar,101119890,43853389,6530
5446,4569165347,May,100454856,43682187,202700
5258,4569186308,Mar,100369162,43760735,101850
5004,4569187324,Mar,100367349,43855539,153950
5959,4569217289,Jun,100368536,43374275,20110
5446,4569217508,May,100454856,43682187,202700
5955,4569218797,Apr,101022661,43855539,32580
5955,4569234304,Mar,100806864,22001170,730
5955,4569244755,Apr,100074079,22017847,35300
5446,4569251986,Mar,100369162,43760735,487380
5258,4569255175,Apr,101059711,43682187,83040
5446,4569268448,Mar,100367349,43855539,127230
5259,4569268620,Jun,100368536,43374275,28000
5259,4569270217,Mar,100645090,43853389,17500
5959,4569272743,Mar,100366340,43760735,64080
5446,4569278691,Mar,100366340,43760735,487380
5259,4569282883,Mar,101119890,43853389,17500
5959,4569283134,Jun,100498525,43374275,20110
5959,4569285599,Mar,100364903,22017847,21550
5004,4569286841,May,101059711,43682187,186000
5004,4569312282,May,101119890,43853389,64160
5258,4569314491,Mar,100806864,22001170,1370
5004,4569321312,May,100454856,43682187,186000
5259,4568671060,May,101059711,43682187,51970
5259,4568755041,May,100454856,43682187,51970
5258,4568942589,Mar,100369162,43760735,101850
5959,4569023571,Mar,100366340,43760735,64080
5955,4569024186,Apr,100364903,22017847,35300
5004,4569034719,Apr,100364230,22001170,4930
5258,4569100907,Mar,100366340,43760735,101850
5258,4569108021,Mar,100369162,43760735,101850
5259,4569134598,May,100454856,43682187,51970
5959,4569136861,Apr,100454856,43682187,67320
5446,4569161506,Apr,101119890,43853389,75680
5446,4569190443,Apr,100645090,43853389,75680
5959,4569202936,May,100454856,43682187,67320
5959,4569214616,May,101059711,43682187,67320
5959,4569219641,Apr,101119890,43853389,17560
5258,4569220006,Mar,100364230,22001170,1370
5446,4569234231,Mar,100806864,22001170,4150
5259,4569244078,Mar,100806864,22001170,960
5446,4569244393,Mar,100364903,22017847,170390
5258,4569246034,Jun,100368536,43374275,25150
5258,4569247741,Jun,100498525,43374275,25150
5258,4569248157,Apr,100364903,22017847,49340
5004,4569255984,May,100454856,43682187,186000
5955,4569258374,Mar,100366340,43760735,52290
5004,4569258540,May,100645090,43853389,64160
5959,4569259632,May,100454856,43682187,67320
5004,4569276440,Apr,100367349,43855539,153950
5446,4569279774,Mar,100364903,22017847,170390
5446,4569282273,May,101059711,43682187,202700
5959,4569288510,Mar,100369162,43760735,64080
5959,4569293660,Apr,100367349,43855539,13510
5446,4569294297,Mar,100074079,22017847,170390
5004,4568965749,Apr,100364230,22001170,4930
5258,4568997116,May,100367349,43855539,40750
5258,4569005462,May,101022661,43855539,40750
5258,4569062781,Apr,100806864,22001170,1370
5959,4569092349,May,100454856,43682187,67320
5258,4569120881,Jun,100368536,43374275,25150
5259,4569157927,Mar,101119890,43853389,17500
5259,4569170436,May,101059711,43682187,51970
5446,4569176046,Mar,100367349,43855539,127230
5259,4569191229,Apr,101119890,43853389,17500
5004,4569216109,Jun,101059711,43682187,186000
5959,4569218961,Mar,100364230,22001170,690
5258,4569221289,May,100367349,43855539,40750
5004,4569225142,Apr,100806864,22001170,4930
5955,4569228933,Apr,101022661,43855539,32580
5004,4569235740,Apr,101022661,43855539,153950
5004,4569242213,Apr,101022661,43855539,153950
5446,4569244306,Apr,100367349,43855539,127230
5955,4569252931,Mar,100366340,43760735,52290
5959,4569254046,Apr,100366340,43760735,64080
5259,4569259647,Jun,100498525,43374275,28000
5446,4569285013,Mar,100806864,22001170,4150
5959,4569294075,Jun,100368536,43374275,20110
5955,4569312119,May,100367349,43855539,32580
5258,4569314490,Apr,100364903,22017847,49340
5258,4569320809,Apr,100364230,22001170,1370
5955,4569321283,May,100498525,43374275,18020
5446,4569024188,May,101059711,43682187,202700
5955,4569052478,May,100454856,43682187,54420
5959,4569071824,May,101059711,43682187,67320
5959,4569077886,Jun,100368536,43374275,20110
5259,4569084414,Mar,100074079,22017847,59700
5446,4569173210,Apr,100645090,43853389,75680
5446,4569173711,Apr,101022661,43855539,127230
5258,4569186936,Jun,100498525,43374275,25150
5004,4569199608,Mar,100074079,22017847,246320
5446,4569200703,Apr,100369162,43760735,487380
5955,4569204052,Mar,100364230,22001170,730
5259,4569205333,Jun,100498525,43374275,28000
5446,4569205817,Apr,100367349,43855539,127230
5955,4569217031,May,100364903,22017847,35300
5004,4569232460,May,100498525,43374275,133640
5955,4569242144,May,100498525,43374275,18020
5258,4569244823,Mar,100369162,43760735,101850
5446,4569244824,Jun,100454856,43682187,202700
5004,4569258474,Apr,100364230,22001170,4930
5004,4569270588,Apr,100369162,43760735,407220
5446,4569280403,Mar,100364230,22001170,4150
5959,4569284812,Apr,100367349,43855539,13510
5259,4569287482,Apr,100364230,22001170,960
5004,4569295663,May,101119890,43853389,64160
5258,4569309587,May,101022661,43855539,40750
5446,4568981335,Apr,101022661,43855539,127230
5959,4569006491,Mar,100364230,22001170,690
5955,4569022082,Apr,100364230,22001170,730
5258,4569026171,Apr,100074079,22017847,49340
5004,4569066683,Jun,101059711,43682187,186000
5004,4569131844,Mar,100074079,22017847,246320
5004,4569145899,Apr,100364230,22001170,4930
5258,4569173839,May,100364903,22017847,49340
5955,4569176813,May,100498525,43374275,18020
5258,4569190631,Apr,100366340,43760735,101850
5259,4569206942,Mar,100367349,43855539,59700
5004,4569212414,Mar,100364903,22017847,246320
5004,4569221032,Apr,101022661,43855539,153950
5258,4569224588,Apr,101119890,43853389,22270
5258,4569226486,May,100364230,22001170,1370
5959,4569257010,Mar,100806864,22001170,690
5959,4569258091,Apr,100367349,43855539,13510
5258,4569261899,May,100364903,22017847,49340
5004,4569262743,May,100366340,43760735,407220
5004,4569271483,Mar,100074079,22017847,246320
5955,4569272652,Mar,100369162,43760735,52290
5259,4569281119,May,100454856,43682187,51970
5258,4569281795,Apr,100454856,43682187,83040
5959,4569285402,Jun,101059711,43682187,67320
5004,4569287422,Apr,101022661,43855539,153950
5004,4569293129,Apr,100367349,43855539,153950
5259,4569297072,Apr,101119890,43853389,17500
5955,4569300331,Apr,100366340,43760735,52290
5955,4569308430,Apr,100366340,43760735,52290
5004,4569312477,May,100645090,43853389,64160
5959,4568849619,Jun,100454856,43682187,67320
5955,4568876170,May,100454856,43682187,54420
5259,4569054861,Mar,100366340,43760735,82760
5259,4569141093,Jul,100498525,43374275,28000
5258,4569173656,Apr,100366340,43760735,101850
5955,4569174969,May,100498525,43374275,18020
5955,4569201834,May,100454856,43682187,54420
5955,4569203378,Apr,100369162,43760735,52290
5259,4569221432,Apr,100645090,43853389,17500
5959,4569235901,Jun,101059711,43682187,67320
5446,4569241690,Apr,100364230,22001170,4150
5446,4569245937,Apr,100364903,22017847,170390
5955,4569258258,Apr,100645090,43853389,6530
5955,4569266517,Apr,100806864,22001170,730
5955,4569266615,May,100367349,43855539,32580
5259,4569268438,Apr,100364230,22001170,960
5959,4569269731,Apr,100366340,43760735,64080
5258,4569270230,May,101022661,43855539,40750
5959,4569314187,Apr,100367349,43855539,13510
5004,4569324912,May,100498525,43374275,133640
5959,4568777230,Apr,101022661,43855539,13510
5004,4568779131,Jun,100645090,43853389,64160
5955,4568909666,May,100367349,43855539,32580
5955,4569089018,Apr,100645090,43853389,6530
5955,4569101304,Apr,100366340,43760735,52290
5959,4569119284,Apr,101119890,43853389,17560
5259,4569158690,Apr,100074079,22017847,59700
5955,4569175997,May,101059711,43682187,54420
5955,4569189144,Jun,100454856,43682187,54420
5258,4569204292,Apr,101059711,43682187,83040
5258,4569229445,Jun,100367349,43855539,40750
5259,4569233096,May,100364230,22001170,960
5955,4569244758,Jun,100498525,43374275,18020
5258,4569269151,May,100806864,22001170,1370
5959,4569272817,May,100367349,43855539,13510
5259,4569282465,Mar,100366340,43760735,82760
5004,4569304823,May,100368536,43374275,133640
5258,4569311938,Apr,101059711,43682187,83040
5258,4568934814,Apr,100366340,43760735,101850
5959,4569061074,Jun,100498525,43374275,20110
5446,4569061613,Apr,101022661,43855539,127230
5959,4569113028,Apr,100369162,43760735,64080
5955,4569126982,Jun,100368536,43374275,18020
5259,4569134221,May,100364230,22001170,960
5258,4569138026,May,100074079,22017847,49340
5446,4569154841,May,100367349,43855539,127230
5004,4569161697,May,100806864,22001170,4930
5446,4569190295,Apr,100364903,22017847,170390
5446,4569192070,May,100368536,43374275,91620
5259,4569197950,May,100074079,22017847,59700
5959,4569198951,Jun,100367349,43855539,13510
5004,4569219075,May,100498525,43374275,133640
5955,4569225524,Apr,100806864,22001170,730
5959,4569226697,Apr,100074079,22017847,21550
5959,4569239833,May,100645090,43853389,17560
5955,4569247731,Apr,100806864,22001170,730
5258,4569249222,Apr,101119890,43853389,22270
5004,4569249224,Jun,101119890,43853389,64160
5446,4569249668,Apr,100366340,43760735,487380
5258,4569285600,May,100364903,22017847,49340
5955,4569298079,Apr,100645090,43853389,6530
5446,4569313108,Jun,100498525,43374275,91620
5955,4568868786,Jun,101059711,43682187,54420
5258,4568925129,Apr,100645090,43853389,22270
5259,4569008867,May,100364903,22017847,59700
5259,4569085636,May,100645090,43853389,17500
5446,4569177676,Apr,100364230,22001170,4150
5258,4569187580,May,100645090,43853389,22270
5955,4569204901,Apr,101119890,43853389,6530
5955,4569205179,Apr,101119890,43853389,6530
5258,4569214624,Jun,101022661,43855539,40750
5004,4569219548,Mar,100074079,22017847,246320
5959,4569244238,Apr,100074079,22017847,21550
5259,4569244756,Mar,101022661,43855539,59700
5259,4569245657,Apr,100366340,43760735,82760
5959,4569256402,Apr,100364903,22017847,21550
5959,4569257114,Apr,100364903,22017847,21550
5446,4569259905,May,100366340,43760735,487380
5259,4569284734,Mar,101022661,43855539,59700
5959,4569304201,Jun,101059711,43682187,67320
5258,4569327179,May,101059711,43682187,83040
5004,4568742098,May,100366340,43760735,407220
5004,4568803316,Jun,101059711,43682187,186000
5955,4568936604,May,100806864,22001170,730
5446,4569019486,May,101022661,43855539,127230
5446,4569090630,Apr,100364903,22017847,170390
5955,4569110246,May,100366340,43760735,52290
5258,4569134196,May,100366340,43760735,101850
5446,4569138416,Apr,100074079,22017847,170390
5258,4569139883,Jun,100368536,43374275,25150
5446,4569157587,Jun,100454856,43682187,202700
5004,4569159979,Apr,100364903,22017847,246320
5959,4569181433,Mar,100806864,22001170,690
5446,4569197951,Apr,100364230,22001170,4150
5959,4569201339,May,100074079,22017847,21550
5259,4569240984,Jun,101059711,43682187,51970
5259,4569248098,Jun,100364903,22017847,59700
5259,4569253227,Mar,101022661,43855539,59700
5004,4569255554,May,101022661,43855539,153950
5446,4569256160,May,100369162,43760735,487380
5955,4569259934,Jun,100498525,43374275,18020
5446,4569266939,May,100074079,22017847,170390
5004,4569267134,Apr,100074079,22017847,246320
5446,4569272159,May,100364903,22017847,170390
5004,4569285134,Jun,100498525,43374275,133640
5258,4569308922,May,100369162,43760735,101850
5959,4568949386,Jun,100074079,22017847,21550
5259,4569017094,Jun,100454856,43682187,51970
5955,4569068839,May,100645090,43853389,6530
5259,4569145583,Apr,100369162,43760735,82760
5955,4569148478,May,100806864,22001170,730
5955,4569160924,Jun,100368536,43374275,18020
5446,4569173021,Jun,100454856,43682187,202700
5959,4569180430,Jun,100074079,22017847,21550
5258,4569186047,Jul,100498525,43374275,25150
5004,4569221177,May,101022661,43855539,153950
5959,4569222971,Apr,100806864,22001170,690
5955,4569243181,Jun,100454856,43682187,54420
5955,4569243592,May,100806864,22001170,730
5258,4569245206,May,100454856,43682187,83040
5955,4569270719,May,100366340,43760735,52290
5446,4569271244,May,100367349,43855539,127230
5446,4569274560,May,100364903,22017847,170390
5004,4569278629,May,100369162,43760735,407220
5955,4569296568,May,100645090,43853389,6530
5259,4569302645,Jun,100364903,22017847,59700
5955,4568864032,May,101022661,43855539,32580
5446,4569047078,Apr,101119890,43853389,75680
5259,4569074515,May,101119890,43853389,17500
5004,4569075631,May,100367349,43855539,153950
5446,4569107291,May,100367349,43855539,127230
5259,4569154654,Apr,100367349,43855539,59700
5446,4569157219,May,100806864,22001170,4150
5258,4569170005,Jun,101022661,43855539,40750
5955,4569180783,May,100366340,43760735,52290
5955,4569188426,May,100364230,22001170,730
5446,4569189909,May,100364230,22001170,4150
5955,4569193207,Jun,100368536,43374275,18020
5258,4569226854,May,100364903,22017847,49340
5004,4569227026,Jun,100454856,43682187,186000
5004,4569236075,Jun,101059711,43682187,186000
5004,4569242592,Apr,100364903,22017847,246320
5446,4569244194,Jun,100369162,43760735,487380
5004,4569258166,Apr,100364903,22017847,246320
5258,4569260852,Jun,100454856,43682187,83040
5259,4569273894,Jun,100454856,43682187,51970
5446,4569293341,Jun,100366340,43760735,487380
5446,4569294374,May,100364903,22017847,170390
5258,4569294493,May,101119890,43853389,22270
5959,4569295273,Apr,100364230,22001170,690
5955,4568739030,May,100366340,43760735,52290
5955,4568810093,May,100645090,43853389,6530
5955,4569070476,May,101119890,43853389,6530
5004,4569080501,Apr,100074079,22017847,246320
5004,4569108294,Jul,101119890,43853389,64160
5004,4569121398,May,100074079,22017847,246320
5259,4569131184,May,101119890,43853389,17500
5959,4569157661,May,101119890,43853389,17560
5004,4569160925,May,100806864,22001170,4930
5258,4569202638,May,100366340,43760735,101850
5004,4569213118,May,100369162,43760735,407220
5258,4569219437,Jun,100364903,22017847,49340
5004,4569228737,Jun,100369162,43760735,407220
5446,4569238455,May,101119890,43853389,75680
5259,4569240457,May,100366340,43760735,82760
5959,4569254789,Jun,100454856,43682187,67320
5959,4569255954,Apr,100366340,43760735,64080
5004,4569262337,May,100367349,43855539,153950
5959,4569277300,Jul,100368536,43374275,20110
5446,4569280772,May,100645090,43853389,75680
5258,4569311322,May,100806864,22001170,1370
5259,4569312627,Jun,100806864,22001170,960
5955,4568804589,May,101119890,43853389,6530
5258,4568983391,May,100645090,43853389,22270
5259,4569077550,May,101119890,43853389,17500
5259,4569116681,Jun,101119890,43853389,17500
5258,4569118365,Jun,101059711,43682187,83040
5258,4569151373,Jun,101059711,43682187,83040
5004,4569165346,Jun,100454856,43682187,186000
5955,4569197974,May,100364903,22017847,35300
5259,4569201925,Jun,100364230,22001170,960
5446,4569207565,Jun,101022661,43855539,127230
5955,4569209378,Jun,100367349,43855539,32580
5955,4569212229,May,100074079,22017847,35300
5258,4569239511,Jul,100368536,43374275,25150
5446,4569253133,Jun,100367349,43855539,127230
5004,4569260113,Jun,100498525,43374275,133640
5446,4569263629,Jun,101059711,43682187,202700
5004,4569263688,May,100074079,22017847,246320
5258,4569269127,Jun,100364903,22017847,49340
5259,4569271028,May,100369162,43760735,82760
5259,4569281986,Jun,101059711,43682187,51970
5258,4569301998,Jun,100074079,22017847,49340
5258,4569325752,Jun,101119890,43853389,22270
5004,4568712820,Jun,100366340,43760735,407220
5446,4569067959,Jun,100454856,43682187,202700
5446,4569135160,Jun,100498525,43374275,91620
5004,4569155261,Jul,100645090,43853389,64160
5446,4569180496,May,100645090,43853389,75680
5446,4569189765,Jul,100454856,43682187,202700
5446,4569213498,May,101119890,43853389,75680
5004,4569232179,Jun,100498525,43374275,133640
5259,4569236166,Jun,100364230,22001170,960
5258,4569241649,May,100806864,22001170,1370
5258,4569243152,Jun,101022661,43855539,40750
5955,4569245035,May,100806864,22001170,730
5259,4569245802,May,100367349,43855539,59700
5959,4569247921,Jul,101059711,43682187,67320
5258,4569254105,Jun,101119890,43853389,22270
5259,4569264754,Jul,100368536,43374275,28000
5259,4569268768,Jul,100368536,43374275,28000
5004,4569269938,May,100364230,22001170,4930
5955,4569271029,Jun,100454856,43682187,54420
5955,4569280152,May,100074079,22017847,35300
5259,4568804664,Jun,100367349,43855539,59700
5955,4568995025,May,100364903,22017847,35300
5959,4569008336,May,100366340,43760735,64080
5959,4569017095,Jun,100074079,22017847,21550
5004,4569125680,Jun,100368536,43374275,133640
5004,4569156722,Jun,100367349,43855539,153950
5259,4569200704,Jun,100645090,43853389,17500
5259,4569202938,May,100366340,43760735,82760
5446,4569204503,Jun,100367349,43855539,127230
5955,4569225757,Jun,100364230,22001170,730
5446,4569228360,Jul,101059711,43682187,202700
5004,4569230159,May,100074079,22017847,246320
5258,4569240624,Jun,101119890,43853389,22270
5955,4569245805,Jun,100364903,22017847,35300
5259,4569247636,Jul,100454856,43682187,51970
5959,4569248684,Jul,100498525,43374275,20110
5004,4569249132,Jun,100454856,43682187,186000
5955,4569258317,Jun,100364903,22017847,35300
5955,4569263478,May,100366340,43760735,52290
5258,4569272324,May,100366340,43760735,101850
5959,4569301997,May,100366340,43760735,64080
5959,4569304749,Apr,100806864,22001170,690
5258,4569320744,Jun,100074079,22017847,49340
5258,4569325633,Jun,100364903,22017847,49340
5258,4568807885,Jun,100364230,22001170,1370
5446,4568871128,Jun,100074079,22017847,170390
5959,4569042910,Jul,100454856,43682187,67320
5446,4569070475,Jun,100645090,43853389,75680
5955,4569145401,Jun,100364230,22001170,730
5258,4569146020,Jun,100366340,43760735,101850
5959,4569147334,Jun,100806864,22001170,690
5446,4569147771,May,100806864,22001170,4150
5446,4569162640,Jun,100364903,22017847,170390
5955,4569176800,Jun,100369162,43760735,52290
5258,4569187620,Jun,100806864,22001170,1370
5258,4569194471,Jun,100369162,43760735,101850
5955,4569213966,May,100645090,43853389,6530
5959,4569227122,May,101119890,43853389,17560
5259,4569227705,Jul,100364903,22017847,59700
5959,4569228481,Jun,100074079,22017847,21550
5955,4569243811,Jun,100368536,43374275,18020
5959,4569244070,May,101119890,43853389,17560
5004,4569245451,Jul,101059711,43682187,186000
5259,4569247707,Jul,100364903,22017847,59700
5258,4569253508,Jun,100364230,22001170,1370
5259,4569255436,Jun,101022661,43855539,59700
5258,4569256002,Jun,100366340,43760735,101850
5259,4569256545,May,100369162,43760735,82760
5259,4569266687,Jul,101059711,43682187,51970
5258,4569270567,Jun,101059711,43682187,83040
5955,4569271489,Jun,100364903,22017847,35300
5258,4569279826,Jul,100364903,22017847,49340
5955,4569295619,Jun,100367349,43855539,32580
5446,4569320743,Jun,100364903,22017847,170390
5959,4569321717,Jul,100368536,43374275,20110
5259,4569325169,Jul,100368536,43374275,28000
5004,4569327792,Jul,101059711,43682187,186000
5258,4568862593,Jul,101022661,43855539,40750
5955,4568895064,Jun,101119890,43853389,6530
5258,4568982131,Jul,101059711,43682187,83040
5259,4569016371,Jun,100645090,43853389,17500
5955,4569159978,Jun,100454856,43682187,54420
5258,4569184027,Jul,100369162,43760735,101850
5959,4569188043,May,100369162,43760735,64080
5446,4569188918,Jun,101022661,43855539,127230
5959,4569190444,Jun,100806864,22001170,690
5258,4569191228,Jul,100366340,43760735,101850
5959,4569208556,Jun,100367349,43855539,13510
5959,4569229793,Jun,100367349,43855539,13510
5446,4569230484,Jul,100367349,43855539,127230
5004,4569231414,Jun,100364903,22017847,246320
5959,4569234982,Jul,100454856,43682187,67320
5955,4569243180,Jun,100498525,43374275,18020
5258,4569247197,Jul,100364903,22017847,49340
5004,4569248774,Jun,101022661,43855539,153950
5959,4569255417,Jun,100364230,22001170,690
5004,4569266277,Jul,100454856,43682187,186000
5955,4569272742,Jul,100498525,43374275,18020
5955,4569281624,Jun,100367349,43855539,32580
5446,4569291930,Jul,100074079,22017847,170390
5955,4569293489,Jun,100806864,22001170,730
5258,4569295336,Jul,100074079,22017847,49340
5446,4569295752,Jun,100498525,43374275,91620
5959,4569309886,Jun,100369162,43760735,64080
5959,4569315944,Jun,100364903,22017847,21550
5446,4569326712,Jun,100498525,43374275,91620
5446,4568942666,Jun,100806864,22001170,4150
5258,4568955997,Jul,100645090,43853389,22270
5258,4568980450,Jul,101022661,43855539,40750
5259,4568981538,Jul,100367349,43855539,59700
5259,4569135311,Jul,100806864,22001170,960
5955,4569162466,Jun,100364903,22017847,35300
5004,4569202942,Jun,101022661,43855539,153950
5259,4569213967,Jul,100368536,43374275,28000
5959,4569220467,May,101119890,43853389,17560
5446,4569225140,Jul,100366340,43760735,487380
5259,4569225584,Jul,100368536,43374275,28000
5446,4569247527,Jul,100498525,43374275,91620
5959,4569253295,Jul,100454856,43682187,67320
5259,4569255496,Jul,101059711,43682187,51970
5446,4569257052,Jun,100645090,43853389,75680
5955,4569257359,Jun,100645090,43853389,6530
5259,4569258763,Jul,101119890,43853389,17500
5446,4569265058,Jul,100366340,43760735,487380
5258,4569266055,Jul,100806864,22001170,1370
5959,4569267796,Jun,100369162,43760735,64080
5955,4569272097,Jun,100367349,43855539,32580
5259,4569274990,Jul,100367349,43855539,59700
5959,4569282272,Jun,100364903,22017847,21550
5955,4569291922,Jul,100074079,22017847,35300
5955,4569295842,Jun,101119890,43853389,6530
5258,4569303974,Jul,100364230,22001170,1370
5258,4568810090,Jul,100368536,43374275,25150
5258,4568944494,Jul,100367349,43855539,40750
5955,4568969362,Jun,100364230,22001170,730
5004,4568984062,Jul,100454856,43682187,186000
5004,4569001119,Jun,100806864,22001170,4930
5259,4569002108,Jun,100369162,43760735,82760
5004,4569046702,Jul,100368536,43374275,133640
5959,4569131185,Jun,100367349,43855539,13510
5955,4569133253,Jun,100366340,43760735,52290
5259,4569143386,Jun,100369162,43760735,82760
5258,4569162289,Jul,101059711,43682187,83040
5446,4569168105,Jul,101059711,43682187,202700
5259,4569178699,Jul,101059711,43682187,51970
5959,4569185400,May,100645090,43853389,17560
5004,4569195032,Jul,100498525,43374275,133640
5959,4569197364,Jul,100074079,22017847,21550
5258,4569203079,Jul,100074079,22017847,49340
5004,4569204333,Jul,101022661,43855539,153950
5258,4569206354,Jul,101022661,43855539,40750
5446,4569216713,Jul,100367349,43855539,127230
5959,4569223316,Jun,101119890,43853389,17560
5959,4569235776,Jun,101119890,43853389,17560
5004,4569236124,Jul,100367349,43855539,153950
5955,4569241561,Jun,100369162,43760735,52290
5258,4569247396,Jul,100498525,43374275,25150
5258,4569247994,Jul,101059711,43682187,83040
5004,4569255852,Jul,100454856,43682187,186000
5959,4569266292,Jun,100645090,43853389,17560
5446,4569272412,Jun,100364230,22001170,4150
5959,4569292727,Jun,100366340,43760735,64080
5259,4569295620,Jul,100364230,22001170,960
5259,4569304273,Jul,100645090,43853389,17500
5959,4569305714,Jul,100454856,43682187,67320
5955,4569309028,Jul,100367349,43855539,32580
5004,4568879198,Jul,100366340,43760735,407220
5959,4569118388,Jul,101119890,43853389,17560
5004,4569137319,Jul,100498525,43374275,133640
5259,4569154837,Aug,100074079,22017847,59700
5955,4569157043,Jun,100369162,43760735,52290
5955,4569204929,Jul,100498525,43374275,18020
5446,4569214180,Jun,100806864,22001170,4150
5004,4569215304,Jun,100364903,22017847,246320
5955,4569223693,Jul,100364230,22001170,730
5959,4569226934,Jul,100369162,43760735,64080
5258,4569229652,Jul,101119890,43853389,22270
5955,4569229848,Jul,100364903,22017847,35300
5004,4569234731,Jul,100366340,43760735,407220
5446,4569243522,Jul,100367349,43855539,127230
5004,4569245140,Jun,100806864,22001170,4930
5004,4569254878,Aug,100369162,43760735,407220
5959,4569258223,Jun,100367349,43855539,13510
5259,4569269123,Jul,100454856,43682187,51970
5955,4569269940,Jul,100454856,43682187,54420
5955,4569283549,Jun,100645090,43853389,6530
5259,4569311937,Jul,101059711,43682187,51970
5955,4569056966,Jul,100368536,43374275,18020
5446,4569075336,Jul,100806864,22001170,4150
5004,4569077885,Jul,100498525,43374275,133640
5004,4569088530,Jul,100806864,22001170,4930
5004,4569102968,Jul,100806864,22001170,4930
5259,4569108287,Jul,101059711,43682187,51970
5955,4569170297,Jul,101119890,43853389,6530
5258,4569225789,Jul,100454856,43682187,83040
5959,4569228873,Jul,101059711,43682187,67320
5955,4569229847,Jul,100369162,43760735,52290
5258,4569232563,Jul,100369162,43760735,101850
5955,4569242124,Jul,100364230,22001170,730
5004,4569243163,Jul,100364903,22017847,246320
5446,4569244677,Jul,100498525,43374275,91620
5959,4569254894,Jul,100368536,43374275,20110
5259,4569294720,Jun,100366340,43760735,82760
5955,4569311217,Jul,100369162,43760735,52290
5258,4568867972,Jul,100454856,43682187,83040
5959,4568973081,Jul,100366340,43760735,64080
5959,4568980405,Jul,100368536,43374275,20110
5959,4569054231,Jul,100498525,43374275,20110
5955,4569174160,Jul,100454856,43682187,54420
5955,4569175405,Jul,101059711,43682187,54420
5004,4569176074,Jul,100454856,43682187,186000
5959,4569180016,Jul,100498525,43374275,20110
5955,4569200319,Jul,100645090,43853389,6530
5955,4569204051,Jul,100369162,43760735,52290
5959,4569213049,Jul,100368536,43374275,20110
5955,4569215834,Jul,100364230,22001170,730
5004,4569218876,Jul,100364903,22017847,246320
5446,4569230534,Jul,100645090,43853389,75680
5959,4569232266,Jul,101119890,43853389,17560
5004,4569238554,Jul,101022661,43855539,153950
5959,4569240622,Jul,100369162,43760735,64080
5955,4569260158,Jul,101119890,43853389,6530
5446,4569268186,Jul,100074079,22017847,170390
5258,4569269743,Jul,100368536,43374275,25150
5955,4569273018,Jul,100367349,43855539,32580
5959,4569285511,Jun,101022661,43855539,13510
5446,4569298381,Jul,100645090,43853389,75680
5259,4569311444,Jul,100366340,43760735,82760
5259,4569311445,Jul,101119890,43853389,17500
5259,4569323712,Jul,100364230,22001170,960
5259,4569324779,Jul,101059711,43682187,51970
5955,4568903090,Jul,100498525,43374275,18020
5959,4569068836,Jun,101022661,43855539,13510
5955,4569078950,Jul,100364903,22017847,35300
5955,4569116763,Jul,101022661,43855539,32580
5955,4569139818,Jul,100498525,43374275,18020
5446,4569154954,Jul,100074079,22017847,170390
5959,4569186821,Jul,101119890,43853389,17560
5258,4569220223,Jul,100498525,43374275,25150
5446,4569221163,Jul,100364230,22001170,4150
5446,4569221391,Jul,100806864,22001170,4150
5258,4569222289,Jul,100806864,22001170,1370
5004,4569228470,Aug,100369162,43760735,407220
5258,4569256948,Jul,100498525,43374275,25150
5955,4569257069,Jul,101059711,43682187,54420
5959,4569263738,Jul,101022661,43855539,13510
5259,4569281987,Jul,100366340,43760735,82760
5959,4569283560,Jul,100364230,22001170,690
5258,4569298269,Jan,100938159,43876930,167000
5959,4569311693,Jan,100367166,43876930,24000
5258,4569323876,Feb,100938159,43876930,97500
5955,4569408922,Jan,100350569,43876930,34900
5259,4569140851,Jan,100455541,43876930,39400
5955,4569266066,Jan,100350569,43876930,34900
5004,4569323875,Jan,101234485,43876930,268000
5955,4569330610,Jan,100350569,43876930,34900
5004,4569382019,Jan,100351456,43876930,268000
5258,4569384403,Feb,100783868,43876930,97500
5446,4569400559,Jan,100896392,43876930,139800
5955,4568895503,Jan,100350569,43876930,34900
5446,4569333391,Jan,100896392,43876930,139800
5446,4569363491,Jan,100896392,43876930,139800
5959,4569346868,Jan,100367166,43876930,24000
5004,4569347468,Jan,101234485,43876930,268000
5258,4569256640,Feb,100783868,43876930,97500
5258,4569463317,Feb,100783868,43876930,97500
5959,4569271041,Jan,100783868,43876930,24000
5004,4569399119,Feb,100351456,43876930,299400
5446,4569347660,Jan,100896392,43876930,139800
5446,4569393837,Jan,100350135,43876930,139800
5259,4569337665,Jan,100455541,43876930,39400
5955,4569394883,Jan,100084616,43876930,34900
5259,4569430362,Jan,100455541,43876930,39400
5446,4569337795,Feb,100896392,43876930,158000
5259,4569430176,Jan,100455541,43876930,39400
5259,4569501587,Jan,100367166,43876930,39400
5259,4569242634,Jan,100367166,43876930,39400
5446,4569336226,Feb,100896392,43876930,158000
5959,4569364703,Jan,100367166,43876930,24000
5259,4569242321,Feb,100455541,43876930,40800
5446,4569256127,Feb,100350135,43876930,158000
5259,4569390361,Feb,100367166,43876930,40800
5004,4569393777,Feb,101234485,43876930,299400
5446,4568867333,Feb,100896392,43876930,158000
5259,4568786755,Feb,100367166,43876930,40800
5259,4569310171,Feb,100367166,43876930,40800
5955,4569326001,Jan,100084616,43876930,34900
5959,4569415007,Feb,100783868,43876930,22200
5955,4569345722,Feb,100084616,43876930,32700
5959,4569377972,Feb,100783868,43876930,22200
5955,4569260295,Feb,100084616,43876930,32700
5004,4569298744,Feb,100351456,43876930,299400
5959,4569363702,Feb,100367166,43876930,22200
5959,4569373796,Feb,100367166,43876930,22200
5259,4569348078,Feb,100367166,43876930,40800
5259,4569116491,Mar,100367166,43876930,38700
5259,4569373804,Mar,100367166,43876930,38700
5258,4569044077,Mar,100938159,43876930,75400
5259,4569242302,Mar,100367166,43876930,38700
5258,4569317585,Mar,100783868,43876930,75400
5959,4569400268,Feb,100367166,43876930,22200
5259,4568808362,Mar,100367166,43876930,38700
5955,4569060802,Feb,100084616,43876930,32700
5955,4569291495,Mar,100084616,43876930,38800
5004,4569337682,Mar,100351456,43876930,279400
5004,4569355506,Mar,100351456,43876930,279400
5004,4569218289,Mar,100351456,43876930,279400
5004,4569285458,Mar,100351456,43876930,279400
5259,4569189145,Mar,100455541,43876930,38700
5959,4569202941,Feb,100783868,43876930,22200
5955,4569221319,Mar,100350569,43876930,38800
5959,4569230483,Mar,100783868,43876930,22000
5258,4569270496,Mar,100783868,43876930,75400
5446,4569278692,Feb,100350135,43876930,158000
5959,4569298669,Mar,100367166,43876930,22000
5959,4568834692,Mar,100783868,43876930,22000
5258,4569024187,Apr,100938159,43876930,74500
5959,4569126458,Mar,100783868,43876930,22000
5446,4569196176,Mar,100896392,43876930,154400
5955,4569241210,Mar,100084616,43876930,38800
5446,4569253407,Mar,100350135,43876930,154400
5959,4569254451,Mar,100367166,43876930,22000
5259,4569269079,Mar,100455541,43876930,38700
5446,4569121371,Mar,100896392,43876930,154400
5955,4569212657,Mar,100350569,43876930,38800
5004,4569272218,Mar,101234485,43876930,279400
5258,4569309885,Apr,100938159,43876930,74500
5959,4569192966,Mar,100367166,43876930,22000
5004,4569201018,Apr,100351456,43876930,303300
5259,4569227360,Mar,100367166,43876930,38700
5258,4569270507,May,100938159,43876930,81400
5959,4569202189,Mar,100367166,43876930,22000
5259,4569215496,Mar,100367166,43876930,38700
5446,4569269268,Mar,100350135,43876930,154400
5446,4569088529,Mar,100350135,43876930,154400
5955,4569239190,Apr,100350569,43876930,41000
5259,4569244071,Apr,100367166,43876930,37500
5258,4569280182,May,100783868,43876930,81400
5259,4568876643,Apr,100455541,43876930,37500
5004,4569190191,Apr,100351456,43876930,303300
5959,4569218575,Apr,100367166,43876930,22500
5446,4569270359,Apr,100896392,43876930,144400
5259,4569292773,May,100367166,43876930,36700
5446,4568824189,Apr,100896392,43876930,144400
5446,4569298917,Apr,100350135,43876930,144400
5446,4569169960,Apr,100896392,43876930,144400
5259,4569170215,May,100367166,43876930,36700
5446,4569209196,Apr,100896392,43876930,144400
5446,4569223476,May,100350135,43876930,150300
5446,4569225098,May,100896392,43876930,150300
5259,4569236985,May,100367166,43876930,36700
5959,4569284369,Apr,100367166,43876930,22500
5955,4569167929,Apr,100350569,43876930,41000
5446,4569229385,May,100896392,43876930,150300
5258,4568876591,May,100783868,43876930,81400
5955,4568982535,Apr,100350569,43876930,41000
5959,4569176486,Apr,100367166,43876930,22500
5955,4569203440,Apr,100350569,43876930,41000
5004,4569254899,Apr,101234485,43876930,303300
5955,4569259152,May,100350569,43876930,33000
5446,4568649662,May,100350135,43876930,150300
5004,4569218596,Apr,100351456,43876930,303300
5955,4569261187,May,100350569,43876930,33000
5004,4569282274,May,100351456,43876930,260700
5959,4569231843,Apr,100367166,43876930,22500
5004,4569234983,May,100351456,43876930,260700
5955,4569243183,May,100350569,43876930,33000
5955,4569271318,May,100084616,43876930,33000
5258,4569278785,Jun,100783868,43876930,74700
5259,4569297166,Jun,100367166,43876930,46400
5959,4569304629,Jun,100367166,43876930,23800
5004,4569049225,May,101234485,43876930,260700
5446,4569202943,Jun,100896392,43876930,158800
5004,4569227845,Jun,101234485,43876930,272000
5959,4569234199,Jun,100783868,43876930,23800
5446,4569273075,Jun,100896392,43876930,158800
5259,4569128838,Jun,100367166,43876930,46400
5258,4569195849,Jun,100783868,43876930,74700
5446,4569194780,Jun,100896392,43876930,158800
5259,4569210593,Jun,100455541,43876930,46400
5959,4569216802,Jun,100367166,43876930,23800
5955,4569270589,May,100084616,43876930,33000
5446,4569281796,Jun,100896392,43876930,158800
5959,4569328587,Jun,100783868,43876930,23800
5955,4569103219,Jun,100350569,43876930,38000
5004,4569261599,Jun,100351456,43876930,272000
5446,4569201296,Jul,100350135,43876930,184000
5955,4569238553,Jun,100084616,43876930,38000
5955,4569222290,Jun,100084616,43876930,38000
5955,4569226453,Jun,100350569,43876930,38000
5258,4569258272,Jun,100783868,43876930,74700
5959,4569198719,Jun,100367166,43876930,23800
5955,4569244500,Jul,100350569,43876930,38700
5955,4569253669,Jul,100084616,43876930,38700
5004,4569206659,Jul,100351456,43876930,520000
5259,4569234981,Jul,100367166,43876930,40400
5259,4569266803,Jul,100367166,43876930,40400
5446,4569225878,Jul,100896392,43876930,184000
5955,4569255166,Jul,100084616,43876930,38700
5258,4569258778,Jul,100783868,43876930,89500
5258,4569259739,Jul,100938159,43876930,89500
5959,4569280828,Jul,100783868,43876930,25000
5259,4569294793,Jul,100455541,43876930,40400
5446,4569311007,Jul,100350135,43876930,184000
